Month,No Of Entries,No Of Cols
January,190301,13
February,190445,13
March,258678,13
April,426590,13
May,604827,13
June,719618,13
July,767650,13
August,771693,13
September,666371,13
October,537113,13
November,362518,13
Total:,5495804
Average:,499618
